id_empreinte,Espèce,Chemin d'accès
0,Castor,C:\cours_b3\mspr-ia\WildLens_MSPR\Mammiferes\Castor\20140503-1620512.jpg
1,Castor,C:\cours_b3\mspr-ia\WildLens_MSPR\Mammiferes\Castor\20140503-1626422.jpg
2,Castor,C:\cours_b3\mspr-ia\WildLens_MSPR\Mammiferes\Castor\beaver-footprint-mud-eurasian-european-260nw-1412938724.jpg
3,Castor,C:\cours_b3\mspr-ia\WildLens_MSPR\Mammiferes\Castor\Beaver-Track.jpg
4,Castor,C:\cours_b3\mspr-ia\WildLens_MSPR\Mammiferes\Castor\Beaver-Tracks-(1).jpg
5,Castor,C:\cours_b3\mspr-ia\WildLens_MSPR\Mammiferes\Castor\Beaver-Tracks-(7).jpg
6,Castor,C:\cours_b3\mspr-ia\WildLens_MSPR\Mammiferes\Castor\Beaver-Tracks-(8).jpg
7,Castor,C:\cours_b3\mspr-ia\WildLens_MSPR\Mammiferes\Castor\Beaver-tracks-1536x832.jpg
8,Castor,C:\cours_b3\mspr-ia\WildLens_MSPR\Mammiferes\Castor\Beaver-Tracks-3.jpg
9,Castor,C:\cours_b3\mspr-ia\WildLens_MSPR\Mammiferes\Castor\Beaver-Tracks-4(2).jpg
10,Castor,C:\cours_b3\mspr-ia\WildLens_MSPR\Mammiferes\Castor\Beaver-Tracks-768x194.jpg
11,Castor,C:\cours_b3\mspr-ia\WildLens_MSPR\Mammiferes\Castor\Beaver-Tracks-8 (1).jpg
12,Castor,C:\cours_b3\mspr-ia\WildLens_MSPR\Mammiferes\Castor\castor-europeen-castor-fiber-des-empreintes-de-pas-dans-le-sable-basse-saxe-allemagne-rwgb06.jpg
13,Castor,C:\cours_b3\mspr-ia\WildLens_MSPR\Mammiferes\Castor\cnyy97.jpg
14,Castor,C:\cours_b3\mspr-ia\WildLens_MSPR\Mammiferes\Castor\ob_bb095c_sentier-petit-castor-traces-5.jpg
15,Castor,C:\cours_b3\mspr-ia\WildLens_MSPR\Mammiferes\Castor\original (1).jpg
16,Castor,C:\cours_b3\mspr-ia\WildLens_MSPR\Mammiferes\Castor\original (2).jpg
17,Castor,C:\cours_b3\mspr-ia\WildLens_MSPR\Mammiferes\Castor\original (3).jpg
18,Castor,C:\cours_b3\mspr-ia\WildLens_MSPR\Mammiferes\Castor\original 7.jpg
19,Castor,C:\cours_b3\mspr-ia\WildLens_MSPR\Mammiferes\Castor\original.jpg
20,Castor,C:\cours_b3\mspr-ia\WildLens_MSPR\Mammiferes\Castor\rbjymj.jpg
21,Castor,C:\cours_b3\mspr-ia\WildLens_MSPR\Mammiferes\Castor\rbjyn0.jpg
22,Castor,C:\cours_b3\mspr-ia\WildLens_MSPR\Mammiferes\Castor\rbjyn4.jpg
23,Castor,C:\cours_b3\mspr-ia\WildLens_MSPR\Mammiferes\Castor\th (10).jpg
24,Castor,C:\cours_b3\mspr-ia\WildLens_MSPR\Mammiferes\Castor\th (11).jpg
25,Castor,C:\cours_b3\mspr-ia\WildLens_MSPR\Mammiferes\Castor\th (12).jpg
26,Castor,C:\cours_b3\mspr-ia\WildLens_MSPR\Mammiferes\Castor\th (13).jpg
27,Castor,C:\cours_b3\mspr-ia\WildLens_MSPR\Mammiferes\Castor\th (14).jpg
28,Castor,C:\cours_b3\mspr-ia\WildLens_MSPR\Mammiferes\Castor\th (16).jpg
29,Castor,C:\cours_b3\mspr-ia\WildLens_MSPR\Mammiferes\Castor\th (19).jpg
30,Castor,C:\cours_b3\mspr-ia\WildLens_MSPR\Mammiferes\Castor\th (20).jpg
31,Castor,C:\cours_b3\mspr-ia\WildLens_MSPR\Mammiferes\Castor\th (21).jpg
32,Castor,C:\cours_b3\mspr-ia\WildLens_MSPR\Mammiferes\Castor\th (22).jpg
33,Castor,C:\cours_b3\mspr-ia\WildLens_MSPR\Mammiferes\Castor\th (23).jpg
34,Castor,C:\cours_b3\mspr-ia\WildLens_MSPR\Mammiferes\Castor\th (26).jpg
35,Castor,C:\cours_b3\mspr-ia\WildLens_MSPR\Mammiferes\Castor\th (29).jpg
36,Castor,C:\cours_b3\mspr-ia\WildLens_MSPR\Mammiferes\Castor\th (30).jpg
37,Castor,C:\cours_b3\mspr-ia\WildLens_MSPR\Mammiferes\Castor\th (31).jpg
38,Castor,C:\cours_b3\mspr-ia\WildLens_MSPR\Mammiferes\Castor\th (32).jpg
39,Castor,C:\cours_b3\mspr-ia\WildLens_MSPR\Mammiferes\Castor\th (33).jpg
40,Castor,C:\cours_b3\mspr-ia\WildLens_MSPR\Mammiferes\Castor\th (6).jpg
41,Castor,C:\cours_b3\mspr-ia\WildLens_MSPR\Mammiferes\Castor\th (7).jpg
42,Castor,C:\cours_b3\mspr-ia\WildLens_MSPR\Mammiferes\Castor\th (9).jpg
43,Castor,C:\cours_b3\mspr-ia\WildLens_MSPR\Mammiferes\Castor\traces-castor.jpg
44,Chat,C:\cours_b3\mspr-ia\WildLens_MSPR\Mammiferes\Chat\13678778-en-haut-d-une-empreinte-de-patte-de-chat-sur-un-chemin-en-beton-photo.JPG4.jpg
45,Chat,C:\cours_b3\mspr-ia\WildLens_MSPR\Mammiferes\Chat\34f64f680a693f9a9962305ad9fc144d.jpg
46,Chat,C:\cours_b3\mspr-ia\WildLens_MSPR\Mammiferes\Chat\36cd4d6e57641b786bd90cedd76be55c.jpg
47,Chat,C:\cours_b3\mspr-ia\WildLens_MSPR\Mammiferes\Chat\5f45f9751abbe28043152820fdaa89eb.jpg
48,Chat,C:\cours_b3\mspr-ia\WildLens_MSPR\Mammiferes\Chat\69e3d906758229a6a3066b4242d6b279.jpg
49,Chat,C:\cours_b3\mspr-ia\WildLens_MSPR\Mammiferes\Chat\81ca84429c201b0217ea8d503b3aaa1b.jpg
50,Chat,C:\cours_b3\mspr-ia\WildLens_MSPR\Mammiferes\Chat\9462ae6902f2fc4b2c9262bfe365ae12.jpg
51,Chat,C:\cours_b3\mspr-ia\WildLens_MSPR\Mammiferes\Chat\9f752697e3fec48a8365a341c86e93b6.jpg
52,Chat,C:\cours_b3\mspr-ia\WildLens_MSPR\Mammiferes\Chat\Bobcat-Sit-Down-Print.jpg
53,Chat,C:\cours_b3\mspr-ia\WildLens_MSPR\Mammiferes\Chat\cab06a665f6962491bb83ddc490ed93b.jpg
54,Chat,C:\cours_b3\mspr-ia\WildLens_MSPR\Mammiferes\Chat\cat-footprints-on-cement-concrete-with-blue-background-photo.jpg
55,Chat,C:\cours_b3\mspr-ia\WildLens_MSPR\Mammiferes\Chat\cat-paw-prints-on-wet-260nw-1885018834.jpg
56,Chat,C:\cours_b3\mspr-ia\WildLens_MSPR\Mammiferes\Chat\cat-prints-1913437_1280.jpg
57,Chat,C:\cours_b3\mspr-ia\WildLens_MSPR\Mammiferes\Chat\cattracksofboots112507.jpg
58,Chat,C:\cours_b3\mspr-ia\WildLens_MSPR\Mammiferes\Chat\cb0c5c0bc339fab3b18ba0ea6c32677e.jpg
59,Chat,C:\cours_b3\mspr-ia\WildLens_MSPR\Mammiferes\Chat\domcatpen.jpg
60,Chat,C:\cours_b3\mspr-ia\WildLens_MSPR\Mammiferes\Chat\doriana-popa-oMjgEtNy8Nk-unsplash.jpg
61,Chat,C:\cours_b3\mspr-ia\WildLens_MSPR\Mammiferes\Chat\el-khalil-el-arfaoui-ZhSXK3L1F7I-unsplash.jpg
62,Chat,C:\cours_b3\mspr-ia\WildLens_MSPR\Mammiferes\Chat\Housecat-Tracks-2 (1).jpg
63,Chat,C:\cours_b3\mspr-ia\WildLens_MSPR\Mammiferes\Chat\Human-Bobcat-Coyote1-300x127.jpg
64,Chat,C:\cours_b3\mspr-ia\WildLens_MSPR\Mammiferes\Chat\IM001940.jpg
65,Chat,C:\cours_b3\mspr-ia\WildLens_MSPR\Mammiferes\Chat\IM002174.jpg
66,Chat,C:\cours_b3\mspr-ia\WildLens_MSPR\Mammiferes\Chat\images.jpg
67,Chat,C:\cours_b3\mspr-ia\WildLens_MSPR\Mammiferes\Chat\large.jpg
68,Chat,C:\cours_b3\mspr-ia\WildLens_MSPR\Mammiferes\Chat\original (1).jpg
69,Chat,C:\cours_b3\mspr-ia\WildLens_MSPR\Mammiferes\Chat\original (2).jpg
70,Chat,C:\cours_b3\mspr-ia\WildLens_MSPR\Mammiferes\Chat\original (3).jpg
71,Chat,C:\cours_b3\mspr-ia\WildLens_MSPR\Mammiferes\Chat\original (7).jpg
72,Chat,C:\cours_b3\mspr-ia\WildLens_MSPR\Mammiferes\Chat\original (8).jpg
73,Chat,C:\cours_b3\mspr-ia\WildLens_MSPR\Mammiferes\Chat\pair-kitty-cat-paw-prints-260nw-2283038419.jpg
74,Chat,C:\cours_b3\mspr-ia\WildLens_MSPR\Mammiferes\Chat\paw-prints-583794_1280.jpg
75,Chat,C:\cours_b3\mspr-ia\WildLens_MSPR\Mammiferes\Chat\paw-prints-6930357_1280.jpg
76,Chat,C:\cours_b3\mspr-ia\WildLens_MSPR\Mammiferes\Chat\paws-1959794_1280.jpg
77,Chat,C:\cours_b3\mspr-ia\WildLens_MSPR\Mammiferes\Chat\perftrack.jpg
78,Chat,C:\cours_b3\mspr-ia\WildLens_MSPR\Mammiferes\Chat\s1hyha.jpg
79,Chat,C:\cours_b3\mspr-ia\WildLens_MSPR\Mammiferes\Chat\s2660a.jpg
80,Chat,C:\cours_b3\mspr-ia\WildLens_MSPR\Mammiferes\Chat\snow-861557_1280.jpg
81,Chat,C:\cours_b3\mspr-ia\WildLens_MSPR\Mammiferes\Chat\th (10).jpg
82,Chat,C:\cours_b3\mspr-ia\WildLens_MSPR\Mammiferes\Chat\th (11).jpg
83,Chat,C:\cours_b3\mspr-ia\WildLens_MSPR\Mammiferes\Chat\th (12).jpg
84,Chat,C:\cours_b3\mspr-ia\WildLens_MSPR\Mammiferes\Chat\th (13).jpg
85,Chat,C:\cours_b3\mspr-ia\WildLens_MSPR\Mammiferes\Chat\th (15).jpg
86,Chat,C:\cours_b3\mspr-ia\WildLens_MSPR\Mammiferes\Chat\th (16).jpg
87,Chat,C:\cours_b3\mspr-ia\WildLens_MSPR\Mammiferes\Chat\th (17).jpg
88,Chat,C:\cours_b3\mspr-ia\WildLens_MSPR\Mammiferes\Chat\th (18).jpg
89,Chat,C:\cours_b3\mspr-ia\WildLens_MSPR\Mammiferes\Chat\th (19).jpg
90,Chat,C:\cours_b3\mspr-ia\WildLens_MSPR\Mammiferes\Chat\th (21).jpg
91,Chat,C:\cours_b3\mspr-ia\WildLens_MSPR\Mammiferes\Chat\th (22).jpg
92,Chat,C:\cours_b3\mspr-ia\WildLens_MSPR\Mammiferes\Chat\th (6).jpg
93,Chat,C:\cours_b3\mspr-ia\WildLens_MSPR\Mammiferes\Chat\th (7).jpg
94,Chat,C:\cours_b3\mspr-ia\WildLens_MSPR\Mammiferes\Chat\th (8).jpg
95,Chat,C:\cours_b3\mspr-ia\WildLens_MSPR\Mammiferes\Chat\th (9).jpg
96,Chien,C:\cours_b3\mspr-ia\WildLens_MSPR\Mammiferes\Chien\03b8b7679929f02900fd6859e859407d.jpg
97,Chien,C:\cours_b3\mspr-ia\WildLens_MSPR\Mammiferes\Chien\1041a70fb630e8049300f3d555b578fb.jpg
98,Chien,C:\cours_b3\mspr-ia\WildLens_MSPR\Mammiferes\Chien\11820731-empreintes-de-chiens-se-bouchent-photo4.jpg
99,Chien,C:\cours_b3\mspr-ia\WildLens_MSPR\Mammiferes\Chien\15653071-voyage-a-l-ile-de-phuket-thailande-les-empreintes-de-chien-sur-la-plage-de-sable-photo4.jpg
100,Chien,C:\cours_b3\mspr-ia\WildLens_MSPR\Mammiferes\Chien\17364600-empreinte-de-patte-chien-cocker-spaniel-sur-le-sable-photo4.jpg
101,Chien,C:\cours_b3\mspr-ia\WildLens_MSPR\Mammiferes\Chien\17364611-empreinte-de-patte-chien-cocker-spaniel-sur-le-sable-photo4.jpg
102,Chien,C:\cours_b3\mspr-ia\WildLens_MSPR\Mammiferes\Chien\17399661-fond-d-empreintes-de-chien-sur-le-sol-en-ciment-gratuit-photo.JPG4.jpg
103,Chien,C:\cours_b3\mspr-ia\WildLens_MSPR\Mammiferes\Chien\17521599-fond-d-empreintes-de-chien-sur-le-sol-en-ciment-gratuit-photo.JPG4.jpg
104,Chien,C:\cours_b3\mspr-ia\WildLens_MSPR\Mammiferes\Chien\20824483-chien-empreinte-dans-le-boue-photo.jpg
105,Chien,C:\cours_b3\mspr-ia\WildLens_MSPR\Mammiferes\Chien\23619535-chien-patte-empreinte-sur-frais-ciment-photo4.jpg
106,Chien,C:\cours_b3\mspr-ia\WildLens_MSPR\Mammiferes\Chien\2856017-pistes-de-chien-au-sol-photo.jpg
107,Chien,C:\cours_b3\mspr-ia\WildLens_MSPR\Mammiferes\Chien\2856047-pistes-de-chien-au-sol-photo.jpg
108,Chien,C:\cours_b3\mspr-ia\WildLens_MSPR\Mammiferes\Chien\29105307-flotte-le-chiens-pieds-sur-le-sable-photo4.jpg
109,Chien,C:\cours_b3\mspr-ia\WildLens_MSPR\Mammiferes\Chien\29852878-photographie-a-theme-grande-empreinte-animal-chien-fermer-photo4.jpg
110,Chien,C:\cours_b3\mspr-ia\WildLens_MSPR\Mammiferes\Chien\2c4k1y6.jpg
111,Chien,C:\cours_b3\mspr-ia\WildLens_MSPR\Mammiferes\Chien\2ddb7ce19ccf5af59b2913e4408ef65a.jpg
112,Chien,C:\cours_b3\mspr-ia\WildLens_MSPR\Mammiferes\Chien\2e157335d704cb4ac13b7b0b50a441e9.jpg
113,Chien,C:\cours_b3\mspr-ia\WildLens_MSPR\Mammiferes\Chien\4b0d9173e1d0361db998918b54e48a25.jpg
114,Chien,C:\cours_b3\mspr-ia\WildLens_MSPR\Mammiferes\Chien\67884285e4c274d0baa67af314243cfa.jpg
115,Chien,C:\cours_b3\mspr-ia\WildLens_MSPR\Mammiferes\Chien\7439554-empreinte-de-chien-sur-la-plage-photo2.jpg
116,Chien,C:\cours_b3\mspr-ia\WildLens_MSPR\Mammiferes\Chien\7731937-empreintes-de-chien-sur-sol-en-ciment-pour-fond-de-construction-et-texture-gratuit-photo4.jpg
117,Chien,C:\cours_b3\mspr-ia\WildLens_MSPR\Mammiferes\Chien\9b3cf3abef40c1ea3182a3bdd25ae78d.jpg
118,Chien,C:\cours_b3\mspr-ia\WildLens_MSPR\Mammiferes\Chien\a47j6t.jpg
119,Chien,C:\cours_b3\mspr-ia\WildLens_MSPR\Mammiferes\Chien\a644730b4e76231dfdfec7be5c34bb95.jpg
120,Chien,C:\cours_b3\mspr-ia\WildLens_MSPR\Mammiferes\Chien\allyson-beaucourt-i2eb6zcAiAI-unsplash.jpg
121,Chien,C:\cours_b3\mspr-ia\WildLens_MSPR\Mammiferes\Chien\b1ef3ba53b499f762f7871bc213727d4.jpg
122,Chien,C:\cours_b3\mspr-ia\WildLens_MSPR\Mammiferes\Chien\bd5f2d5204f6a6df213cd9270a888ad1.jpg
123,Chien,C:\cours_b3\mspr-ia\WildLens_MSPR\Mammiferes\Chien\by5k36.jpg
124,Chien,C:\cours_b3\mspr-ia\WildLens_MSPR\Mammiferes\Chien\chien (1).jpg
125,Chien,C:\cours_b3\mspr-ia\WildLens_MSPR\Mammiferes\Chien\clear-distinct-dog-tracks-wet-260nw-2381335471.jpg
126,Chien,C:\cours_b3\mspr-ia\WildLens_MSPR\Mammiferes\Chien\david-becker-Fh__LPWG-QI-unsplash.jpg
127,Chien,C:\cours_b3\mspr-ia\WildLens_MSPR\Mammiferes\Chien\dh0345.jpg
128,Chien,C:\cours_b3\mspr-ia\WildLens_MSPR\Mammiferes\Chien\Dog-Track.jpg
129,Chien,C:\cours_b3\mspr-ia\WildLens_MSPR\Mammiferes\Chien\Dog-Tracks-(Gallop).jpg
130,Chien,C:\cours_b3\mspr-ia\WildLens_MSPR\Mammiferes\Chien\Dog-Tracks-1.jpg
131,Chien,C:\cours_b3\mspr-ia\WildLens_MSPR\Mammiferes\Chien\Dog-Tracks-4.jpg
132,Chien,C:\cours_b3\mspr-ia\WildLens_MSPR\Mammiferes\Chien\Dog-Tracks-5.jpg
133,Chien,C:\cours_b3\mspr-ia\WildLens_MSPR\Mammiferes\Chien\Dog-Tracks.jpg
134,Chien,C:\cours_b3\mspr-ia\WildLens_MSPR\Mammiferes\Chien\g57rn8.jpg
135,Chien,C:\cours_b3\mspr-ia\WildLens_MSPR\Mammiferes\Chien\jasper-garratt-i45lZHQEzaQ-unsplash.jpg
136,Chien,C:\cours_b3\mspr-ia\WildLens_MSPR\Mammiferes\Chien\jeet-dhanoa-TXqXDMRySZo-unsplash.jpg
137,Chien,C:\cours_b3\mspr-ia\WildLens_MSPR\Mammiferes\Chien\kghrh0.jpg
138,Chien,C:\cours_b3\mspr-ia\WildLens_MSPR\Mammiferes\Chien\linda-robert-snLpcS1RdwA-unsplash.jpg
139,Chien,C:\cours_b3\mspr-ia\WildLens_MSPR\Mammiferes\Chien\lucie-dorne-3a2nF1PYLqY-unsplash.jpg
140,Chien,C:\cours_b3\mspr-ia\WildLens_MSPR\Mammiferes\Chien\original (2).jpg
141,Chien,C:\cours_b3\mspr-ia\WildLens_MSPR\Mammiferes\Chien\original (3).jpg
142,Chien,C:\cours_b3\mspr-ia\WildLens_MSPR\Mammiferes\Chien\original (5).jpg
143,Chien,C:\cours_b3\mspr-ia\WildLens_MSPR\Mammiferes\Chien\original (7).jpg
144,Chien,C:\cours_b3\mspr-ia\WildLens_MSPR\Mammiferes\Chien\ryan-zazueta-p9IbIM0-JW8-unsplash.jpg
145,Chien,C:\cours_b3\mspr-ia\WildLens_MSPR\Mammiferes\Chien\sirisvisual-Dpy-cR8Sjn8-unsplash.jpg
146,Chien,C:\cours_b3\mspr-ia\WildLens_MSPR\Mammiferes\Chien\stephanie-klepacki-M-wNTtKsDgc-unsplash.jpg
147,Chien,C:\cours_b3\mspr-ia\WildLens_MSPR\Mammiferes\Chien\th (10).jpg
148,Chien,C:\cours_b3\mspr-ia\WildLens_MSPR\Mammiferes\Chien\th (11).jpg
149,Chien,C:\cours_b3\mspr-ia\WildLens_MSPR\Mammiferes\Chien\th (6).jpg
150,Chien,C:\cours_b3\mspr-ia\WildLens_MSPR\Mammiferes\Chien\th (7).jpg
151,Chien,C:\cours_b3\mspr-ia\WildLens_MSPR\Mammiferes\Chien\th (8).jpg
152,Chien,C:\cours_b3\mspr-ia\WildLens_MSPR\Mammiferes\Chien\th (9).jpg
153,Coyote,C:\cours_b3\mspr-ia\WildLens_MSPR\Mammiferes\Coyote\11947904-empreinte-de-patte-de-loup-sur-la-boue-photo.jpg
154,Coyote,C:\cours_b3\mspr-ia\WildLens_MSPR\Mammiferes\Coyote\12009468-empreinte-de-patte-de-loup-sur-la-boue-photo3.jpg
155,Coyote,C:\cours_b3\mspr-ia\WildLens_MSPR\Mammiferes\Coyote\12024540-empreinte-de-patte-de-loup-sur-la-boue-photo2.jpg
156,Coyote,C:\cours_b3\mspr-ia\WildLens_MSPR\Mammiferes\Coyote\2br7w26.jpg
157,Coyote,C:\cours_b3\mspr-ia\WildLens_MSPR\Mammiferes\Coyote\2mj2hr1.jpg
158,Coyote,C:\cours_b3\mspr-ia\WildLens_MSPR\Mammiferes\Coyote\330px-Coyote_tracks_in_mud.JPG.jpg
159,Coyote,C:\cours_b3\mspr-ia\WildLens_MSPR\Mammiferes\Coyote\Coyote-Tracks-(10).jpg
160,Coyote,C:\cours_b3\mspr-ia\WildLens_MSPR\Mammiferes\Coyote\Coyote-Tracks-(11).jpg
161,Coyote,C:\cours_b3\mspr-ia\WildLens_MSPR\Mammiferes\Coyote\Coyote-Tracks-(12).jpg
162,Coyote,C:\cours_b3\mspr-ia\WildLens_MSPR\Mammiferes\Coyote\Coyote-Tracks-(14).jpg
163,Coyote,C:\cours_b3\mspr-ia\WildLens_MSPR\Mammiferes\Coyote\Coyote-Tracks-(8).jpg
164,Coyote,C:\cours_b3\mspr-ia\WildLens_MSPR\Mammiferes\Coyote\Coyote-Tracks-11.jpg
165,Coyote,C:\cours_b3\mspr-ia\WildLens_MSPR\Mammiferes\Coyote\coyote-tracks-260nw-528961438.jpg
166,Coyote,C:\cours_b3\mspr-ia\WildLens_MSPR\Mammiferes\Coyote\Coyote-Tracks-7.jpg
167,Coyote,C:\cours_b3\mspr-ia\WildLens_MSPR\Mammiferes\Coyote\Coyote-Tracks-8.jpg
168,Coyote,C:\cours_b3\mspr-ia\WildLens_MSPR\Mammiferes\Coyote\Coyote-Tracks.jpg
169,Coyote,C:\cours_b3\mspr-ia\WildLens_MSPR\Mammiferes\Coyote\dog-footprint-on-earth-260nw-148533323.jpg
170,Coyote,C:\cours_b3\mspr-ia\WildLens_MSPR\Mammiferes\Coyote\dog-footprint-on-sand-260nw-150072893.jpg
171,Coyote,C:\cours_b3\mspr-ia\WildLens_MSPR\Mammiferes\Coyote\gettyimages-1331290460-612x612.jpg
172,Coyote,C:\cours_b3\mspr-ia\WildLens_MSPR\Mammiferes\Coyote\gettyimages-960431882-612x612.jpg
173,Coyote,C:\cours_b3\mspr-ia\WildLens_MSPR\Mammiferes\Coyote\gp5g41.jpg
174,Coyote,C:\cours_b3\mspr-ia\WildLens_MSPR\Mammiferes\Coyote\original (7).jpg
175,Coyote,C:\cours_b3\mspr-ia\WildLens_MSPR\Mammiferes\Coyote\rhac2j.jpg
176,Coyote,C:\cours_b3\mspr-ia\WildLens_MSPR\Mammiferes\Coyote\th (10).jpg
177,Coyote,C:\cours_b3\mspr-ia\WildLens_MSPR\Mammiferes\Coyote\th (11).jpg
178,Coyote,C:\cours_b3\mspr-ia\WildLens_MSPR\Mammiferes\Coyote\th (12).jpg
179,Coyote,C:\cours_b3\mspr-ia\WildLens_MSPR\Mammiferes\Coyote\th (13).jpg
180,Coyote,C:\cours_b3\mspr-ia\WildLens_MSPR\Mammiferes\Coyote\th (14).jpg
181,Coyote,C:\cours_b3\mspr-ia\WildLens_MSPR\Mammiferes\Coyote\th (15).jpg
182,Coyote,C:\cours_b3\mspr-ia\WildLens_MSPR\Mammiferes\Coyote\th (16).jpg
183,Coyote,C:\cours_b3\mspr-ia\WildLens_MSPR\Mammiferes\Coyote\th (17).jpg
184,Coyote,C:\cours_b3\mspr-ia\WildLens_MSPR\Mammiferes\Coyote\th (18).jpg
185,Coyote,C:\cours_b3\mspr-ia\WildLens_MSPR\Mammiferes\Coyote\th (19).jpg
186,Coyote,C:\cours_b3\mspr-ia\WildLens_MSPR\Mammiferes\Coyote\th (20).jpg
187,Coyote,C:\cours_b3\mspr-ia\WildLens_MSPR\Mammiferes\Coyote\th (23).jpg
188,Coyote,C:\cours_b3\mspr-ia\WildLens_MSPR\Mammiferes\Coyote\th (24).jpg
189,Coyote,C:\cours_b3\mspr-ia\WildLens_MSPR\Mammiferes\Coyote\th (25).jpg
190,Coyote,C:\cours_b3\mspr-ia\WildLens_MSPR\Mammiferes\Coyote\th (26).jpg
191,Coyote,C:\cours_b3\mspr-ia\WildLens_MSPR\Mammiferes\Coyote\th (27).jpg
192,Coyote,C:\cours_b3\mspr-ia\WildLens_MSPR\Mammiferes\Coyote\th (28).jpg
193,Coyote,C:\cours_b3\mspr-ia\WildLens_MSPR\Mammiferes\Coyote\th (6).jpg
194,Coyote,C:\cours_b3\mspr-ia\WildLens_MSPR\Mammiferes\Coyote\th (7).jpg
195,Coyote,C:\cours_b3\mspr-ia\WildLens_MSPR\Mammiferes\Coyote\th (8).jpg
196,Coyote,C:\cours_b3\mspr-ia\WildLens_MSPR\Mammiferes\Coyote\th (9).jpg
197,Coyote,C:\cours_b3\mspr-ia\WildLens_MSPR\Mammiferes\Coyote\wolf-canis-lupus-paw-foot-260nw-118397923.jpg
198,Ecureuil,C:\cours_b3\mspr-ia\WildLens_MSPR\Mammiferes\Ecureuil\1000_F_251135547_C9AdS3xaWsmrH9Gc9NCAeKIz5LfYPyVS.jpg
199,Ecureuil,C:\cours_b3\mspr-ia\WildLens_MSPR\Mammiferes\Ecureuil\240_F_389011975_YbXSg5HXTt1DhU5FF95TvYG6RIVSUGqs.jpg
200,Ecureuil,C:\cours_b3\mspr-ia\WildLens_MSPR\Mammiferes\Ecureuil\240_F_410081871_Qkw4WAOzeCnXmo7DsfuOeoA6GeTWlZW1.jpg
201,Ecureuil,C:\cours_b3\mspr-ia\WildLens_MSPR\Mammiferes\Ecureuil\2aea2wd.jpg
202,Ecureuil,C:\cours_b3\mspr-ia\WildLens_MSPR\Mammiferes\Ecureuil\2apj5t5.jpg
203,Ecureuil,C:\cours_b3\mspr-ia\WildLens_MSPR\Mammiferes\Ecureuil\2be7rf5.jpg
204,Ecureuil,C:\cours_b3\mspr-ia\WildLens_MSPR\Mammiferes\Ecureuil\2eag0wa.jpg
205,Ecureuil,C:\cours_b3\mspr-ia\WildLens_MSPR\Mammiferes\Ecureuil\2eag0y5.jpg
206,Ecureuil,C:\cours_b3\mspr-ia\WildLens_MSPR\Mammiferes\Ecureuil\2f8b05g.jpg
207,Ecureuil,C:\cours_b3\mspr-ia\WildLens_MSPR\Mammiferes\Ecureuil\2r6a2ey.jpg
208,Ecureuil,C:\cours_b3\mspr-ia\WildLens_MSPR\Mammiferes\Ecureuil\360_F_251135547_C9AdS3xaWsmrH9Gc9NCAeKIz5LfYPyVS.jpg
209,Ecureuil,C:\cours_b3\mspr-ia\WildLens_MSPR\Mammiferes\Ecureuil\360_F_308163459_a59ogkxEaK1s14rY1bb0v1XL88AFqmbH2.jpg
210,Ecureuil,C:\cours_b3\mspr-ia\WildLens_MSPR\Mammiferes\Ecureuil\aa4y40.jpg
211,Ecureuil,C:\cours_b3\mspr-ia\WildLens_MSPR\Mammiferes\Ecureuil\awapjm.jpg
212,Ecureuil,C:\cours_b3\mspr-ia\WildLens_MSPR\Mammiferes\Ecureuil\bxbfch.jpg
213,Ecureuil,C:\cours_b3\mspr-ia\WildLens_MSPR\Mammiferes\Ecureuil\California-Ground-Squirrel-Tracks-(2).jpg
214,Ecureuil,C:\cours_b3\mspr-ia\WildLens_MSPR\Mammiferes\Ecureuil\California-Ground-Squirrel-Tracks-6.jpg
215,Ecureuil,C:\cours_b3\mspr-ia\WildLens_MSPR\Mammiferes\Ecureuil\closeup-traces-red-squirrel-sciurus-260nw-1491490754.jpg
216,Ecureuil,C:\cours_b3\mspr-ia\WildLens_MSPR\Mammiferes\Ecureuil\ebtfm3.jpg
217,Ecureuil,C:\cours_b3\mspr-ia\WildLens_MSPR\Mammiferes\Ecureuil\footprints-squirrel-on-white-snow-260nw-589730984.jpg
218,Ecureuil,C:\cours_b3\mspr-ia\WildLens_MSPR\Mammiferes\Ecureuil\hr51gm.jpg
219,Ecureuil,C:\cours_b3\mspr-ia\WildLens_MSPR\Mammiferes\Ecureuil\jfcnmp.jpg
220,Ecureuil,C:\cours_b3\mspr-ia\WildLens_MSPR\Mammiferes\Ecureuil\jt1h96.jpg
221,Ecureuil,C:\cours_b3\mspr-ia\WildLens_MSPR\Mammiferes\Ecureuil\L1080899-Grey-Squirrel-Footprints_655.jpg
222,Ecureuil,C:\cours_b3\mspr-ia\WildLens_MSPR\Mammiferes\Ecureuil\original_1.jpg
223,Ecureuil,C:\cours_b3\mspr-ia\WildLens_MSPR\Mammiferes\Ecureuil\original_10.jpg
224,Ecureuil,C:\cours_b3\mspr-ia\WildLens_MSPR\Mammiferes\Ecureuil\original_11.jpg
225,Ecureuil,C:\cours_b3\mspr-ia\WildLens_MSPR\Mammiferes\Ecureuil\original_12.jpg
226,Ecureuil,C:\cours_b3\mspr-ia\WildLens_MSPR\Mammiferes\Ecureuil\original_13.jpg
227,Ecureuil,C:\cours_b3\mspr-ia\WildLens_MSPR\Mammiferes\Ecureuil\original_14.jpg
228,Ecureuil,C:\cours_b3\mspr-ia\WildLens_MSPR\Mammiferes\Ecureuil\original_2.jpg
229,Ecureuil,C:\cours_b3\mspr-ia\WildLens_MSPR\Mammiferes\Ecureuil\original_3.jpg
230,Ecureuil,C:\cours_b3\mspr-ia\WildLens_MSPR\Mammiferes\Ecureuil\original_4.jpg
231,Ecureuil,C:\cours_b3\mspr-ia\WildLens_MSPR\Mammiferes\Ecureuil\original_7.jpg
232,Ecureuil,C:\cours_b3\mspr-ia\WildLens_MSPR\Mammiferes\Ecureuil\original_8.jpg
233,Ecureuil,C:\cours_b3\mspr-ia\WildLens_MSPR\Mammiferes\Ecureuil\original_9.jpg
234,Ecureuil,C:\cours_b3\mspr-ia\WildLens_MSPR\Mammiferes\Ecureuil\Squirrel-Details-1024x768.jpg
235,Ecureuil,C:\cours_b3\mspr-ia\WildLens_MSPR\Mammiferes\Ecureuil\squirrel-footprints-on-snow-animal-260nw-1477812848.jpg
236,Ecureuil,C:\cours_b3\mspr-ia\WildLens_MSPR\Mammiferes\Ecureuil\squirrel-footprints-snow-latin-name-260nw-2083174057.jpg
237,Ecureuil,C:\cours_b3\mspr-ia\WildLens_MSPR\Mammiferes\Ecureuil\stock-photo-closeup-of-traces-of-a-red-squirrel-sciurus-vulgaris-in-fresh-snow-1491490754.jpg
238,Ecureuil,C:\cours_b3\mspr-ia\WildLens_MSPR\Mammiferes\Ecureuil\stock-photo-footprints-of-a-squirrel-on-white-snow-winter-nature-background-589730984.jpg
239,Ecureuil,C:\cours_b3\mspr-ia\WildLens_MSPR\Mammiferes\Ecureuil\stock-photo-footprints-of-squirrel-on-snow-112126985.jpg
240,Ecureuil,C:\cours_b3\mspr-ia\WildLens_MSPR\Mammiferes\Ecureuil\stock-photo-squirrel-footprints-on-the-white-snow-2397155303.jpg
241,Ecureuil,C:\cours_b3\mspr-ia\WildLens_MSPR\Mammiferes\Ecureuil\th (10).jpg
242,Ecureuil,C:\cours_b3\mspr-ia\WildLens_MSPR\Mammiferes\Ecureuil\th (12).jpg
243,Ecureuil,C:\cours_b3\mspr-ia\WildLens_MSPR\Mammiferes\Ecureuil\th (13).jpg
244,Ecureuil,C:\cours_b3\mspr-ia\WildLens_MSPR\Mammiferes\Ecureuil\th (14).jpg
245,Ecureuil,C:\cours_b3\mspr-ia\WildLens_MSPR\Mammiferes\Ecureuil\th (15).jpg
246,Ecureuil,C:\cours_b3\mspr-ia\WildLens_MSPR\Mammiferes\Ecureuil\th (16).jpg
247,Ecureuil,C:\cours_b3\mspr-ia\WildLens_MSPR\Mammiferes\Ecureuil\th (17).jpg
248,Ecureuil,C:\cours_b3\mspr-ia\WildLens_MSPR\Mammiferes\Ecureuil\th (19).jpg
249,Ecureuil,C:\cours_b3\mspr-ia\WildLens_MSPR\Mammiferes\Ecureuil\th (20).jpg
250,Ecureuil,C:\cours_b3\mspr-ia\WildLens_MSPR\Mammiferes\Ecureuil\th (21).jpg
251,Ecureuil,C:\cours_b3\mspr-ia\WildLens_MSPR\Mammiferes\Ecureuil\th (22).jpg
252,Ecureuil,C:\cours_b3\mspr-ia\WildLens_MSPR\Mammiferes\Ecureuil\th (23).jpg
253,Ecureuil,C:\cours_b3\mspr-ia\WildLens_MSPR\Mammiferes\Ecureuil\th (6).jpg
254,Ecureuil,C:\cours_b3\mspr-ia\WildLens_MSPR\Mammiferes\Ecureuil\th (7).jpg
255,Ecureuil,C:\cours_b3\mspr-ia\WildLens_MSPR\Mammiferes\Ecureuil\th (8).jpg
256,Lapin,C:\cours_b3\mspr-ia\WildLens_MSPR\Mammiferes\Lapin\-snow-dry-plants-around-bunny-s-footprints-in-white-snow-rabbit-s-2099673535.jpg
257,Lapin,C:\cours_b3\mspr-ia\WildLens_MSPR\Mammiferes\Lapin\-this-winter-abstract-background-featuring-rabbit-tracks-crossing-1301853814.jpg
258,Lapin,C:\cours_b3\mspr-ia\WildLens_MSPR\Mammiferes\Lapin\Black-tailed-Jackrabbit-Tracks-4.jpg
259,Lapin,C:\cours_b3\mspr-ia\WildLens_MSPR\Mammiferes\Lapin\Black-tailed-Jackrabbit-Tracks-5.jpg
260,Lapin,C:\cours_b3\mspr-ia\WildLens_MSPR\Mammiferes\Lapin\d34nf8.jpg
261,Lapin,C:\cours_b3\mspr-ia\WildLens_MSPR\Mammiferes\Lapin\e-up-top-down-view-shoe-footprint-right-rabbit-print-snow-close-up-171822348.jpg
262,Lapin,C:\cours_b3\mspr-ia\WildLens_MSPR\Mammiferes\Lapin\eps-animal-rabbit-white-snow-field-building-nice-path-track-winter-138383584.jpg
263,Lapin,C:\cours_b3\mspr-ia\WildLens_MSPR\Mammiferes\Lapin\footprints-rabbit-hare-on-fresh-600w-2393623471.jpg
264,Lapin,C:\cours_b3\mspr-ia\WildLens_MSPR\Mammiferes\Lapin\hunting-skis-rabbit-tracks-snow-600w-2100619618.jpg
265,Lapin,C:\cours_b3\mspr-ia\WildLens_MSPR\Mammiferes\Lapin\original.jpg
266,Lapin,C:\cours_b3\mspr-ia\WildLens_MSPR\Mammiferes\Lapin\rabbit-paw-print-fresh-snow-260nw-2254760939.jpg
267,Lapin,C:\cours_b3\mspr-ia\WildLens_MSPR\Mammiferes\Lapin\rabbit-track-13441327.jpg
268,Lapin,C:\cours_b3\mspr-ia\WildLens_MSPR\Mammiferes\Lapin\rabbit-track-snow-600w-1867401574.jpg
269,Lapin,C:\cours_b3\mspr-ia\WildLens_MSPR\Mammiferes\Lapin\rabbit-track.jpg
270,Lapin,C:\cours_b3\mspr-ia\WildLens_MSPR\Mammiferes\Lapin\rabbit-tracks-23120577.jpg
271,Lapin,C:\cours_b3\mspr-ia\WildLens_MSPR\Mammiferes\Lapin\rabbit-tracks-600w-8232475.jpg
272,Lapin,C:\cours_b3\mspr-ia\WildLens_MSPR\Mammiferes\Lapin\rabbit-tracks-fluffy-snow-close-up-1671963477.jpg
273,Lapin,C:\cours_b3\mspr-ia\WildLens_MSPR\Mammiferes\Lapin\rabbit-tracks-fresh-snow-260nw-2399893293.jpg
274,Lapin,C:\cours_b3\mspr-ia\WildLens_MSPR\Mammiferes\Lapin\rabbit-tracks-fresh-snow-600w-1189054381.jpg
275,Lapin,C:\cours_b3\mspr-ia\WildLens_MSPR\Mammiferes\Lapin\rabbit-tracks-fresh-snow-spring-showing-track-as-has-hopped-past-pine-cone-1272315466.jpg
276,Lapin,C:\cours_b3\mspr-ia\WildLens_MSPR\Mammiferes\Lapin\rabbit-tracks-freshly-fallen-snow-bunny-who-hopped-across-area-top-down-view-141610011.jpg
277,Lapin,C:\cours_b3\mspr-ia\WildLens_MSPR\Mammiferes\Lapin\rabbit-tracks-new-snow-600w-2400460337.jpg
278,Lapin,C:\cours_b3\mspr-ia\WildLens_MSPR\Mammiferes\Lapin\rabbit-tracks-snow-207333891.jpg
279,Lapin,C:\cours_b3\mspr-ia\WildLens_MSPR\Mammiferes\Lapin\rabbit-tracks-snow-2073338912.jpg
280,Lapin,C:\cours_b3\mspr-ia\WildLens_MSPR\Mammiferes\Lapin\rabbit-tracks-snow-376056732.jpg
281,Lapin,C:\cours_b3\mspr-ia\WildLens_MSPR\Mammiferes\Lapin\rabbit-tracks-snow-600w-2222260461.jpg
282,Lapin,C:\cours_b3\mspr-ia\WildLens_MSPR\Mammiferes\Lapin\rabbit-tracks-snow-600w-2395363465.jpg
283,Lapin,C:\cours_b3\mspr-ia\WildLens_MSPR\Mammiferes\Lapin\rabbit-tracks-snow-sunny-day-rabbit-tracks-snowon-sunny-day-winter-2431200834.jpg
284,Lapin,C:\cours_b3\mspr-ia\WildLens_MSPR\Mammiferes\Lapin\rabbit-tracks-snowing-oklahoma-ground-600w-2416203189.jpg
285,Lapin,C:\cours_b3\mspr-ia\WildLens_MSPR\Mammiferes\Lapin\rabbit-trail-newly-fallen-snow-12307020.jpg
286,Lapin,C:\cours_b3\mspr-ia\WildLens_MSPR\Mammiferes\Lapin\rabbits-footprints-powder-snow-dry-260nw-2099673535.jpg
287,Lapin,C:\cours_b3\mspr-ia\WildLens_MSPR\Mammiferes\Lapin\refjxx.jpg
288,Lapin,C:\cours_b3\mspr-ia\WildLens_MSPR\Mammiferes\Lapin\snow-track-rabbit-600w-765819829.jpg
289,Lapin,C:\cours_b3\mspr-ia\WildLens_MSPR\Mammiferes\Lapin\stock-photo-a-rabbit-track-in-snow-1867401574.jpg
290,Lapin,C:\cours_b3\mspr-ia\WildLens_MSPR\Mammiferes\Lapin\stock-photo-footprints-of-a-rabbit-in-the-pure-snow-hare-tracks-in-fluffy-snowdrifts-1853205619.jpg
291,Lapin,C:\cours_b3\mspr-ia\WildLens_MSPR\Mammiferes\Lapin\stock-photo-hunting-skis-and-rabbit-tracks-in-the-snow-2100619618.jpg
292,Lapin,C:\cours_b3\mspr-ia\WildLens_MSPR\Mammiferes\Lapin\stock-photo-rabbit-paw-print-in-fresh-snow-2254760939.jpg
293,Lapin,C:\cours_b3\mspr-ia\WildLens_MSPR\Mammiferes\Lapin\stock-photo-rabbit-tracks-in-new-snow-2400460337.jpg
294,Lapin,C:\cours_b3\mspr-ia\WildLens_MSPR\Mammiferes\Lapin\stock-photo-rabbit-tracks-in-the-fresh-snow-1189054381.jpg
295,Lapin,C:\cours_b3\mspr-ia\WildLens_MSPR\Mammiferes\Lapin\stock-photo-rabbit-tracks-in-the-snow-2222260461.jpg
296,Lapin,C:\cours_b3\mspr-ia\WildLens_MSPR\Mammiferes\Lapin\trace-field-hare-winter-snow-trace-rabbit-trace-rabbit-1385865702.jpg
297,Lapin,C:\cours_b3\mspr-ia\WildLens_MSPR\Mammiferes\Lapin\tracks-rabbit-127021413.jpg
298,Loup,C:\cours_b3\mspr-ia\WildLens_MSPR\Mammiferes\Loup\a-tape-measure-is-used-to-measure-the-size-of-wolf-tracks-in-banff-CP99K3.jpg
299,Loup,C:\cours_b3\mspr-ia\WildLens_MSPR\Mammiferes\Loup\close-up-of-a-maned-wolf-tracks-in-sandy-riverbed-caraca-natural-park-minas-gerais-brazil-2RYP21G.jpg
300,Loup,C:\cours_b3\mspr-ia\WildLens_MSPR\Mammiferes\Loup\close-up-of-a-maned-wolf-tracks-in-sandy-riverbed-caraca-natural-park-minas-gerais-brazil-2T1NRAH.jpg
301,Loup,C:\cours_b3\mspr-ia\WildLens_MSPR\Mammiferes\Loup\close-up-of-gray-wolf-grey-wolf-canis-lupus-footprint-in-sand-showing-HGGXKC.jpg
302,Loup,C:\cours_b3\mspr-ia\WildLens_MSPR\Mammiferes\Loup\close-up-of-gray-wolf-grey-wolf-canis-lupus-footprint-in-the-mud-showing-HGGXK9.jpg
303,Loup,C:\cours_b3\mspr-ia\WildLens_MSPR\Mammiferes\Loup\empreinte-de-loup.jpg
304,Loup,C:\cours_b3\mspr-ia\WildLens_MSPR\Mammiferes\Loup\european-gray-wolf-canis-lupus-lupus-footprint-on-sandy-ground-germany-CNY411.jpg
305,Loup,C:\cours_b3\mspr-ia\WildLens_MSPR\Mammiferes\Loup\european-gray-wolf-canis-lupus-lupus-tracks-of-a-wolf-in-snow-germany-2HMN1AF.jpg
306,Loup,C:\cours_b3\mspr-ia\WildLens_MSPR\Mammiferes\Loup\foot-print-of-a-canadian-wolf-canis-lupus-canadensis-mud-big-salmon-B6FPE9.jpg
307,Loup,C:\cours_b3\mspr-ia\WildLens_MSPR\Mammiferes\Loup\fresh-wolf-tracks-in-wet-sand-on-a-beach-of-the-brookes-peninsula-vancouver-island-british-columbia-W5N2CA.jpg
308,Loup,C:\cours_b3\mspr-ia\WildLens_MSPR\Mammiferes\Loup\ge-fraC3AEche-prC3A8s-de-wiseman-alaska-le-loup-gris-ou-le-loup-gris-est-une.jpg
309,Loup,C:\cours_b3\mspr-ia\WildLens_MSPR\Mammiferes\Loup\gray-wolf-canis-lupus-tracks-in-sand-in-glacier-bay-national-park-AJTBYR.jpg
310,Loup,C:\cours_b3\mspr-ia\WildLens_MSPR\Mammiferes\Loup\Gray-Wolf-Tracks-(3).jpg
311,Loup,C:\cours_b3\mspr-ia\WildLens_MSPR\Mammiferes\Loup\grey-wolf-tracks-in-the-snow-the-carpathian-mountains-poland-2HGCD2T.jpg
312,Loup,C:\cours_b3\mspr-ia\WildLens_MSPR\Mammiferes\Loup\indian-wolf-canis-lupus-pallipes-or-canis-indicapaw-prints-in-dry-GY7J62.jpg
313,Loup,C:\cours_b3\mspr-ia\WildLens_MSPR\Mammiferes\Loup\indian-wolfcanis-lupus-pallipesand-indian-jackalcanis-aureus-indicuspaw-HCK8EX.jpg
314,Loup,C:\cours_b3\mspr-ia\WildLens_MSPR\Mammiferes\Loup\istockphoto-1291656709-1024x1024.jpg
315,Loup,C:\cours_b3\mspr-ia\WildLens_MSPR\Mammiferes\Loup\istockphoto-1463096424-1024x1024.jpg
316,Loup,C:\cours_b3\mspr-ia\WildLens_MSPR\Mammiferes\Loup\istockphoto-997953386-1024x1024.jpg
317,Loup,C:\cours_b3\mspr-ia\WildLens_MSPR\Mammiferes\Loup\le-loup-titres.jpg
318,Loup,C:\cours_b3\mspr-ia\WildLens_MSPR\Mammiferes\Loup\lone-wolf-tracks-in-a-grassland-near-the-yaak-river-in-winter-yaak-valley-northwest-montana-photo-by-randy-beacham-2ERHJMX.jpg
319,Loup,C:\cours_b3\mspr-ia\WildLens_MSPR\Mammiferes\Loup\muddy-wolf-paw-prints-in-yellwostone-national-park-2J2H4B6.jpg
320,Loup,C:\cours_b3\mspr-ia\WildLens_MSPR\Mammiferes\Loup\north-america-united-states-alaska-spring-wildlife-wolf-canis-lupus-wolf-tracks-in-mud-2H3BP7J.jpg
321,Loup,C:\cours_b3\mspr-ia\WildLens_MSPR\Mammiferes\Loup\north-america-united-states-alaska-spring-wildlife-wolf-canis-lupus-wolf-tracks-in-mud-2H3BP9K.jpg
322,Loup,C:\cours_b3\mspr-ia\WildLens_MSPR\Mammiferes\Loup\north-america-united-states-alaska-spring-wildlife-wolf-canis-lupus-wolf-tracks-in-mud-2H3BPCR.jpg
323,Loup,C:\cours_b3\mspr-ia\WildLens_MSPR\Mammiferes\Loup\north-america-united-states-alaska-spring-wildlife-wolf-canis-lupus-wolf-tracks-in-snow-2H3BPHN.jpg
324,Loup,C:\cours_b3\mspr-ia\WildLens_MSPR\Mammiferes\Loup\original.jpg
325,Loup,C:\cours_b3\mspr-ia\WildLens_MSPR\Mammiferes\Loup\original_1.jpg
326,Loup,C:\cours_b3\mspr-ia\WildLens_MSPR\Mammiferes\Loup\original_10.jpg
327,Loup,C:\cours_b3\mspr-ia\WildLens_MSPR\Mammiferes\Loup\original_11.jpg
328,Loup,C:\cours_b3\mspr-ia\WildLens_MSPR\Mammiferes\Loup\original_12.jpg
329,Loup,C:\cours_b3\mspr-ia\WildLens_MSPR\Mammiferes\Loup\original_13.jpg
330,Loup,C:\cours_b3\mspr-ia\WildLens_MSPR\Mammiferes\Loup\original_14.jpg
331,Loup,C:\cours_b3\mspr-ia\WildLens_MSPR\Mammiferes\Loup\original_2.jpg
332,Loup,C:\cours_b3\mspr-ia\WildLens_MSPR\Mammiferes\Loup\original_3.jpg
333,Loup,C:\cours_b3\mspr-ia\WildLens_MSPR\Mammiferes\Loup\original_4.jpg
334,Loup,C:\cours_b3\mspr-ia\WildLens_MSPR\Mammiferes\Loup\original_5.jpg
335,Loup,C:\cours_b3\mspr-ia\WildLens_MSPR\Mammiferes\Loup\original_6.jpg
336,Loup,C:\cours_b3\mspr-ia\WildLens_MSPR\Mammiferes\Loup\original_7.jpg
337,Loup,C:\cours_b3\mspr-ia\WildLens_MSPR\Mammiferes\Loup\original_8.jpg
338,Loup,C:\cours_b3\mspr-ia\WildLens_MSPR\Mammiferes\Loup\original_9.jpg
339,Loup,C:\cours_b3\mspr-ia\WildLens_MSPR\Mammiferes\Loup\sentiers-de-loup-dans-la-neige-C3A0-cC3B4tC3A9-dune-main-dhomme.jpg
340,Loup,C:\cours_b3\mspr-ia\WildLens_MSPR\Mammiferes\Loup\timber-wolf-tracks-in-the-snow-on-kabetogama-lake-voyageurs-national-G13FR5.jpg
341,Loup,C:\cours_b3\mspr-ia\WildLens_MSPR\Mammiferes\Loup\titres-de-loup-dans-la-neige.jpg
342,Loup,C:\cours_b3\mspr-ia\WildLens_MSPR\Mammiferes\Loup\tracez-le-chien-dans-le-sable-humide-lempreinte-de-la-patte-de-loup-sur-le-sol-cru.jpg
343,Loup,C:\cours_b3\mspr-ia\WildLens_MSPR\Mammiferes\Loup\wolf-canus-lupus-tracks-cross-a-gravel-bar-along-the-noatak-river-CX3NKN.jpg
344,Loup,C:\cours_b3\mspr-ia\WildLens_MSPR\Mammiferes\Loup\wolf-paw-print-D1PKFF.jpg
345,Loup,C:\cours_b3\mspr-ia\WildLens_MSPR\Mammiferes\Loup\wolf-titres.jpg
346,Loup,C:\cours_b3\mspr-ia\WildLens_MSPR\Mammiferes\Loup\wolf-track-in-snow-2FP76XX.jpg
347,Loup,C:\cours_b3\mspr-ia\WildLens_MSPR\Mammiferes\Loup\wolf-track-in-snow-2FP77N4.jpg
348,Loup,C:\cours_b3\mspr-ia\WildLens_MSPR\Mammiferes\Loup\wolf-track-wilderness-prints-in-the-mud-of-howse-river-flats-banff-national-park-canadian-rocky-mountains-MHCCAH.jpg
349,Loup,C:\cours_b3\mspr-ia\WildLens_MSPR\Mammiferes\Loup\Wolf-Tracks-6.jpg
350,Loup,C:\cours_b3\mspr-ia\WildLens_MSPR\Mammiferes\Loup\Wolf-Tracks-7.jpg
351,Loup,C:\cours_b3\mspr-ia\WildLens_MSPR\Mammiferes\Loup\wolf-tracks-canning-river-APET0T.jpg
352,Loup,C:\cours_b3\mspr-ia\WildLens_MSPR\Mammiferes\Loup\wolf-tracks-GKDYPX.jpg
353,Loup,C:\cours_b3\mspr-ia\WildLens_MSPR\Mammiferes\Loup\wolf-tracks-GKFRC3.jpg
354,Loup,C:\cours_b3\mspr-ia\WildLens_MSPR\Mammiferes\Loup\wolf-tracks-in-denali-national-park-in-alaska-M45PBT.jpg
355,Loup,C:\cours_b3\mspr-ia\WildLens_MSPR\Mammiferes\Loup\wolf-tracks-in-dry-mud-DBY7F3.jpg
356,Loup,C:\cours_b3\mspr-ia\WildLens_MSPR\Mammiferes\Loup\wolf-tracks-in-northern-manitoba-canada-the-tracks-have-been-left-by-a-wild-wolf-RTTX95.jpg
357,Loup,C:\cours_b3\mspr-ia\WildLens_MSPR\Mammiferes\Loup\wolf-tracks-in-northern-manitoba-canada-the-tracks-have-been-left-by-a-wild-wolf-RWH0BD.jpg
358,Loup,C:\cours_b3\mspr-ia\WildLens_MSPR\Mammiferes\Loup\wolf-tracks-in-northern-spain-H6CMC1.jpg
359,Loup,C:\cours_b3\mspr-ia\WildLens_MSPR\Mammiferes\Loup\wolf-tracks-in-snow-GKFP2G.jpg
360,Loup,C:\cours_b3\mspr-ia\WildLens_MSPR\Mammiferes\Loup\wolf-tracks-in-snow-in-yellowstone-national-park-EE499W.jpg
361,Loup,C:\cours_b3\mspr-ia\WildLens_MSPR\Mammiferes\Loup\Wolf-Tracks-in-Snow.jpg
362,Loup,C:\cours_b3\mspr-ia\WildLens_MSPR\Mammiferes\Loup\wolf-tracks-in-the-snow-B19PW7.jpg
363,Loup,C:\cours_b3\mspr-ia\WildLens_MSPR\Mammiferes\Loup\wolf-tracks-in-the-snow-B19TE0.jpg
364,Loup,C:\cours_b3\mspr-ia\WildLens_MSPR\Mammiferes\Loup\wolf-tracks-in-the-snow-GKE316.jpg
365,Loup,C:\cours_b3\mspr-ia\WildLens_MSPR\Mammiferes\Loup\wolf-tracks-in-the-snow-on-fountain-freight-road-at-the-yellowstone-M0K5HR.jpg
366,Loup,C:\cours_b3\mspr-ia\WildLens_MSPR\Mammiferes\Loup\wolf-tracks-in-the-snow-S01JWN.jpg
367,Loup,C:\cours_b3\mspr-ia\WildLens_MSPR\Mammiferes\Loup\wolf-tracks-in-yukon-canada-2T5HX0A.jpg
368,Loup,C:\cours_b3\mspr-ia\WildLens_MSPR\Mammiferes\Loup\wolf-tracks-left-on-muddy-ground-in-the-subarctic-in-manitoba-canada-the-tracks-have-been-frozen-PKNNNC.jpg
369,Loup,C:\cours_b3\mspr-ia\WildLens_MSPR\Mammiferes\Loup\wolf-tracks-left-on-muddy-ground-in-the-subarctic-in-manitoba-canada-the-tracks-have-been-frozen-PKNNNF.jpg
370,Loup,C:\cours_b3\mspr-ia\WildLens_MSPR\Mammiferes\Loup\wolf-tracks-on-a-gravel-bank-at-the-rocky-river-G0E21Y.jpg
371,Lynx,C:\cours_b3\mspr-ia\WildLens_MSPR\Mammiferes\Lynx\Bobcat-Tracks-(4).jpg
372,Lynx,C:\cours_b3\mspr-ia\WildLens_MSPR\Mammiferes\Lynx\Bobcat-Tracks-(7).jpg
373,Lynx,C:\cours_b3\mspr-ia\WildLens_MSPR\Mammiferes\Lynx\Bobcat-Tracks-(9).jpg
374,Lynx,C:\cours_b3\mspr-ia\WildLens_MSPR\Mammiferes\Lynx\Bobcat-Tracks-1.jpg
375,Lynx,C:\cours_b3\mspr-ia\WildLens_MSPR\Mammiferes\Lynx\Bobcat-Tracks-3.jpg
376,Lynx,C:\cours_b3\mspr-ia\WildLens_MSPR\Mammiferes\Lynx\Bobcat-Tracks-4.jpg
377,Lynx,C:\cours_b3\mspr-ia\WildLens_MSPR\Mammiferes\Lynx\Bobcat-Tracks-5.jpg
378,Lynx,C:\cours_b3\mspr-ia\WildLens_MSPR\Mammiferes\Lynx\Lynx-Tracks-4.jpg
379,Lynx,C:\cours_b3\mspr-ia\WildLens_MSPR\Mammiferes\Lynx\original (10).jpg
380,Lynx,C:\cours_b3\mspr-ia\WildLens_MSPR\Mammiferes\Lynx\original (11).jpg
381,Lynx,C:\cours_b3\mspr-ia\WildLens_MSPR\Mammiferes\Lynx\original (12).jpg
382,Lynx,C:\cours_b3\mspr-ia\WildLens_MSPR\Mammiferes\Lynx\original (13).jpg
383,Lynx,C:\cours_b3\mspr-ia\WildLens_MSPR\Mammiferes\Lynx\original (14).jpg
384,Lynx,C:\cours_b3\mspr-ia\WildLens_MSPR\Mammiferes\Lynx\original (15).jpg
385,Lynx,C:\cours_b3\mspr-ia\WildLens_MSPR\Mammiferes\Lynx\original (6).jpg
386,Lynx,C:\cours_b3\mspr-ia\WildLens_MSPR\Mammiferes\Lynx\original (7).jpg
387,Lynx,C:\cours_b3\mspr-ia\WildLens_MSPR\Mammiferes\Lynx\original (8).jpg
388,Lynx,C:\cours_b3\mspr-ia\WildLens_MSPR\Mammiferes\Lynx\original (9).jpg
389,Lynx,C:\cours_b3\mspr-ia\WildLens_MSPR\Mammiferes\Lynx\th (10).jpg
390,Lynx,C:\cours_b3\mspr-ia\WildLens_MSPR\Mammiferes\Lynx\th (11).jpg
391,Lynx,C:\cours_b3\mspr-ia\WildLens_MSPR\Mammiferes\Lynx\th (12).jpg
392,Lynx,C:\cours_b3\mspr-ia\WildLens_MSPR\Mammiferes\Lynx\th (13).jpg
393,Lynx,C:\cours_b3\mspr-ia\WildLens_MSPR\Mammiferes\Lynx\th (14).jpg
394,Lynx,C:\cours_b3\mspr-ia\WildLens_MSPR\Mammiferes\Lynx\th (15).jpg
395,Lynx,C:\cours_b3\mspr-ia\WildLens_MSPR\Mammiferes\Lynx\th (16).jpg
396,Lynx,C:\cours_b3\mspr-ia\WildLens_MSPR\Mammiferes\Lynx\th (17).jpg
397,Lynx,C:\cours_b3\mspr-ia\WildLens_MSPR\Mammiferes\Lynx\th (18).jpg
398,Lynx,C:\cours_b3\mspr-ia\WildLens_MSPR\Mammiferes\Lynx\th (20).jpg
399,Lynx,C:\cours_b3\mspr-ia\WildLens_MSPR\Mammiferes\Lynx\th (21).jpg
400,Lynx,C:\cours_b3\mspr-ia\WildLens_MSPR\Mammiferes\Lynx\th (23).jpg
401,Lynx,C:\cours_b3\mspr-ia\WildLens_MSPR\Mammiferes\Lynx\th (24).jpg
402,Lynx,C:\cours_b3\mspr-ia\WildLens_MSPR\Mammiferes\Lynx\th (25).jpg
403,Lynx,C:\cours_b3\mspr-ia\WildLens_MSPR\Mammiferes\Lynx\th (26).jpg
404,Lynx,C:\cours_b3\mspr-ia\WildLens_MSPR\Mammiferes\Lynx\th (27).jpg
405,Lynx,C:\cours_b3\mspr-ia\WildLens_MSPR\Mammiferes\Lynx\th (28).jpg
406,Lynx,C:\cours_b3\mspr-ia\WildLens_MSPR\Mammiferes\Lynx\th (29).jpg
407,Lynx,C:\cours_b3\mspr-ia\WildLens_MSPR\Mammiferes\Lynx\th (30).jpg
408,Lynx,C:\cours_b3\mspr-ia\WildLens_MSPR\Mammiferes\Lynx\th (31).jpg
409,Lynx,C:\cours_b3\mspr-ia\WildLens_MSPR\Mammiferes\Lynx\th (33).jpg
410,Lynx,C:\cours_b3\mspr-ia\WildLens_MSPR\Mammiferes\Lynx\th (34).jpg
411,Lynx,C:\cours_b3\mspr-ia\WildLens_MSPR\Mammiferes\Lynx\th (35).jpg
412,Lynx,C:\cours_b3\mspr-ia\WildLens_MSPR\Mammiferes\Lynx\th (36).jpg
413,Lynx,C:\cours_b3\mspr-ia\WildLens_MSPR\Mammiferes\Lynx\th (38).jpg
414,Lynx,C:\cours_b3\mspr-ia\WildLens_MSPR\Mammiferes\Lynx\th (39).jpg
415,Lynx,C:\cours_b3\mspr-ia\WildLens_MSPR\Mammiferes\Lynx\th (6).jpg
416,Lynx,C:\cours_b3\mspr-ia\WildLens_MSPR\Mammiferes\Lynx\th (7).jpg
417,Lynx,C:\cours_b3\mspr-ia\WildLens_MSPR\Mammiferes\Lynx\th (8).jpg
418,Lynx,C:\cours_b3\mspr-ia\WildLens_MSPR\Mammiferes\Lynx\th (9).jpg
419,Ours,C:\cours_b3\mspr-ia\WildLens_MSPR\Mammiferes\Ours\2b0w0g7.jpg
420,Ours,C:\cours_b3\mspr-ia\WildLens_MSPR\Mammiferes\Ours\2bg7at5.jpg
421,Ours,C:\cours_b3\mspr-ia\WildLens_MSPR\Mammiferes\Ours\2c17g22.jpg
422,Ours,C:\cours_b3\mspr-ia\WildLens_MSPR\Mammiferes\Ours\2gkyw74.jpg
423,Ours,C:\cours_b3\mspr-ia\WildLens_MSPR\Mammiferes\Ours\2jby4xw.jpg
424,Ours,C:\cours_b3\mspr-ia\WildLens_MSPR\Mammiferes\Ours\2jby508.jpg
425,Ours,C:\cours_b3\mspr-ia\WildLens_MSPR\Mammiferes\Ours\2jby50h.jpg
426,Ours,C:\cours_b3\mspr-ia\WildLens_MSPR\Mammiferes\Ours\2m0ykt7.jpg
427,Ours,C:\cours_b3\mspr-ia\WildLens_MSPR\Mammiferes\Ours\2tb94fb.jpg
428,Ours,C:\cours_b3\mspr-ia\WildLens_MSPR\Mammiferes\Ours\2wkxcr5.jpg
429,Ours,C:\cours_b3\mspr-ia\WildLens_MSPR\Mammiferes\Ours\2wkxd3c.jpg
430,Ours,C:\cours_b3\mspr-ia\WildLens_MSPR\Mammiferes\Ours\a1e1ch.jpg
431,Ours,C:\cours_b3\mspr-ia\WildLens_MSPR\Mammiferes\Ours\a5b3p4.jpg
432,Ours,C:\cours_b3\mspr-ia\WildLens_MSPR\Mammiferes\Ours\a86y86.jpg
433,Ours,C:\cours_b3\mspr-ia\WildLens_MSPR\Mammiferes\Ours\a95wyp.jpg
434,Ours,C:\cours_b3\mspr-ia\WildLens_MSPR\Mammiferes\Ours\a9j19y.jpg
435,Ours,C:\cours_b3\mspr-ia\WildLens_MSPR\Mammiferes\Ours\bear_front_l_track.jpg
436,Ours,C:\cours_b3\mspr-ia\WildLens_MSPR\Mammiferes\Ours\Black-Bear-Tracks-7.jpg
437,Ours,C:\cours_b3\mspr-ia\WildLens_MSPR\Mammiferes\Ours\Black-Bear-Tracks-8.jpg
438,Ours,C:\cours_b3\mspr-ia\WildLens_MSPR\Mammiferes\Ours\Black-Bear-Tracks.jpg
439,Ours,C:\cours_b3\mspr-ia\WildLens_MSPR\Mammiferes\Ours\d494x5.jpg
440,Ours,C:\cours_b3\mspr-ia\WildLens_MSPR\Mammiferes\Ours\dh9c0t.jpg
441,Ours,C:\cours_b3\mspr-ia\WildLens_MSPR\Mammiferes\Ours\dhdhn2.jpg
442,Ours,C:\cours_b3\mspr-ia\WildLens_MSPR\Mammiferes\Ours\dhdhpm.jpg
443,Ours,C:\cours_b3\mspr-ia\WildLens_MSPR\Mammiferes\Ours\e1x14n.jpg
444,Ours,C:\cours_b3\mspr-ia\WildLens_MSPR\Mammiferes\Ours\eakfwy.jpg
445,Ours,C:\cours_b3\mspr-ia\WildLens_MSPR\Mammiferes\Ours\f546rw.jpg
446,Ours,C:\cours_b3\mspr-ia\WildLens_MSPR\Mammiferes\Ours\fa67y1.jpg
447,Ours,C:\cours_b3\mspr-ia\WildLens_MSPR\Mammiferes\Ours\ffetnk.jpg
448,Ours,C:\cours_b3\mspr-ia\WildLens_MSPR\Mammiferes\Ours\h23bea.jpg
449,Ours,C:\cours_b3\mspr-ia\WildLens_MSPR\Mammiferes\Ours\jdka6n.jpg
450,Ours,C:\cours_b3\mspr-ia\WildLens_MSPR\Mammiferes\Ours\k3w1tb.jpg
451,Ours,C:\cours_b3\mspr-ia\WildLens_MSPR\Mammiferes\Ours\original (1).jpg
452,Ours,C:\cours_b3\mspr-ia\WildLens_MSPR\Mammiferes\Ours\original (2).jpg
453,Ours,C:\cours_b3\mspr-ia\WildLens_MSPR\Mammiferes\Ours\original (5).jpg
454,Ours,C:\cours_b3\mspr-ia\WildLens_MSPR\Mammiferes\Ours\original (6).jpg
455,Ours,C:\cours_b3\mspr-ia\WildLens_MSPR\Mammiferes\Ours\original (7).jpg
456,Ours,C:\cours_b3\mspr-ia\WildLens_MSPR\Mammiferes\Ours\original (8).jpg
457,Ours,C:\cours_b3\mspr-ia\WildLens_MSPR\Mammiferes\Ours\p4kcmx.jpg
458,Ours,C:\cours_b3\mspr-ia\WildLens_MSPR\Mammiferes\Ours\pb48y3.jpg
459,Ours,C:\cours_b3\mspr-ia\WildLens_MSPR\Mammiferes\Ours\pknnjy.jpg
460,Ours,C:\cours_b3\mspr-ia\WildLens_MSPR\Mammiferes\Ours\pknnna.jpg
461,Ours,C:\cours_b3\mspr-ia\WildLens_MSPR\Mammiferes\Ours\pknnnb.jpg
462,Ours,C:\cours_b3\mspr-ia\WildLens_MSPR\Mammiferes\Ours\pknnp8.jpg
463,Ours,C:\cours_b3\mspr-ia\WildLens_MSPR\Mammiferes\Ours\raajkn.jpg
464,Ours,C:\cours_b3\mspr-ia\WildLens_MSPR\Mammiferes\Ours\th (10).jpg
465,Ours,C:\cours_b3\mspr-ia\WildLens_MSPR\Mammiferes\Ours\th (11).jpg
466,Ours,C:\cours_b3\mspr-ia\WildLens_MSPR\Mammiferes\Ours\th (12).jpg
467,Ours,C:\cours_b3\mspr-ia\WildLens_MSPR\Mammiferes\Ours\th (15).jpg
468,Ours,C:\cours_b3\mspr-ia\WildLens_MSPR\Mammiferes\Ours\th (16).jpg
469,Ours,C:\cours_b3\mspr-ia\WildLens_MSPR\Mammiferes\Ours\th (17).jpg
470,Ours,C:\cours_b3\mspr-ia\WildLens_MSPR\Mammiferes\Ours\th (18).jpg
471,Ours,C:\cours_b3\mspr-ia\WildLens_MSPR\Mammiferes\Ours\th (19).jpg
472,Ours,C:\cours_b3\mspr-ia\WildLens_MSPR\Mammiferes\Ours\th (20).jpg
473,Ours,C:\cours_b3\mspr-ia\WildLens_MSPR\Mammiferes\Ours\th (21).jpg
474,Ours,C:\cours_b3\mspr-ia\WildLens_MSPR\Mammiferes\Ours\th (22).jpg
475,Ours,C:\cours_b3\mspr-ia\WildLens_MSPR\Mammiferes\Ours\th (23).jpg
476,Ours,C:\cours_b3\mspr-ia\WildLens_MSPR\Mammiferes\Ours\th (24).jpg
477,Ours,C:\cours_b3\mspr-ia\WildLens_MSPR\Mammiferes\Ours\th (25).jpg
478,Ours,C:\cours_b3\mspr-ia\WildLens_MSPR\Mammiferes\Ours\th (28).jpg
479,Ours,C:\cours_b3\mspr-ia\WildLens_MSPR\Mammiferes\Ours\th (29).jpg
480,Ours,C:\cours_b3\mspr-ia\WildLens_MSPR\Mammiferes\Ours\th (30).jpg
481,Ours,C:\cours_b3\mspr-ia\WildLens_MSPR\Mammiferes\Ours\th (31).jpg
482,Ours,C:\cours_b3\mspr-ia\WildLens_MSPR\Mammiferes\Ours\th (32).jpg
483,Ours,C:\cours_b3\mspr-ia\WildLens_MSPR\Mammiferes\Ours\th (33).jpg
484,Ours,C:\cours_b3\mspr-ia\WildLens_MSPR\Mammiferes\Ours\th (34).jpg
485,Ours,C:\cours_b3\mspr-ia\WildLens_MSPR\Mammiferes\Ours\th (35).jpg
486,Ours,C:\cours_b3\mspr-ia\WildLens_MSPR\Mammiferes\Ours\th (36).jpg
487,Ours,C:\cours_b3\mspr-ia\WildLens_MSPR\Mammiferes\Ours\th (37).jpg
488,Ours,C:\cours_b3\mspr-ia\WildLens_MSPR\Mammiferes\Ours\th (38).jpg
489,Ours,C:\cours_b3\mspr-ia\WildLens_MSPR\Mammiferes\Ours\th (39).jpg
490,Ours,C:\cours_b3\mspr-ia\WildLens_MSPR\Mammiferes\Ours\th (40).jpg
491,Ours,C:\cours_b3\mspr-ia\WildLens_MSPR\Mammiferes\Ours\th (41).jpg
492,Ours,C:\cours_b3\mspr-ia\WildLens_MSPR\Mammiferes\Ours\th (42).jpg
493,Ours,C:\cours_b3\mspr-ia\WildLens_MSPR\Mammiferes\Ours\th (43).jpg
494,Ours,C:\cours_b3\mspr-ia\WildLens_MSPR\Mammiferes\Ours\th (44).jpg
495,Ours,C:\cours_b3\mspr-ia\WildLens_MSPR\Mammiferes\Ours\th (45).jpg
496,Ours,C:\cours_b3\mspr-ia\WildLens_MSPR\Mammiferes\Ours\th (46).jpg
497,Ours,C:\cours_b3\mspr-ia\WildLens_MSPR\Mammiferes\Ours\th (48).jpg
498,Ours,C:\cours_b3\mspr-ia\WildLens_MSPR\Mammiferes\Ours\th (49).jpg
499,Ours,C:\cours_b3\mspr-ia\WildLens_MSPR\Mammiferes\Ours\th (50).jpg
500,Ours,C:\cours_b3\mspr-ia\WildLens_MSPR\Mammiferes\Ours\th (51).jpg
501,Ours,C:\cours_b3\mspr-ia\WildLens_MSPR\Mammiferes\Ours\th (52).jpg
502,Ours,C:\cours_b3\mspr-ia\WildLens_MSPR\Mammiferes\Ours\th (53).jpg
503,Ours,C:\cours_b3\mspr-ia\WildLens_MSPR\Mammiferes\Ours\th (54).jpg
504,Ours,C:\cours_b3\mspr-ia\WildLens_MSPR\Mammiferes\Ours\th (55).jpg
505,Ours,C:\cours_b3\mspr-ia\WildLens_MSPR\Mammiferes\Ours\th (56).jpg
506,Ours,C:\cours_b3\mspr-ia\WildLens_MSPR\Mammiferes\Ours\th (57).jpg
507,Ours,C:\cours_b3\mspr-ia\WildLens_MSPR\Mammiferes\Ours\th (58).jpg
508,Ours,C:\cours_b3\mspr-ia\WildLens_MSPR\Mammiferes\Ours\th (59).jpg
509,Ours,C:\cours_b3\mspr-ia\WildLens_MSPR\Mammiferes\Ours\th (6).jpg
510,Ours,C:\cours_b3\mspr-ia\WildLens_MSPR\Mammiferes\Ours\th (8).jpg
511,Ours,C:\cours_b3\mspr-ia\WildLens_MSPR\Mammiferes\Ours\track_-_snow-1-400x400.jpg
512,Ours,C:\cours_b3\mspr-ia\WildLens_MSPR\Mammiferes\Ours\track_all-4_800x600-1-400x400.jpg
513,Ours,C:\cours_b3\mspr-ia\WildLens_MSPR\Mammiferes\Ours\track_front_left_800x600-1-400x400.jpg
514,Ours,C:\cours_b3\mspr-ia\WildLens_MSPR\Mammiferes\Ours\wg4wdx.jpg
515,Ours,C:\cours_b3\mspr-ia\WildLens_MSPR\Mammiferes\Ours\wg4wen.jpg
516,Puma,C:\cours_b3\mspr-ia\WildLens_MSPR\Mammiferes\Puma\Cougar-Tracks-10.jpg
517,Puma,C:\cours_b3\mspr-ia\WildLens_MSPR\Mammiferes\Puma\Cougar-Tracks-9.jpg
518,Puma,C:\cours_b3\mspr-ia\WildLens_MSPR\Mammiferes\Puma\Cougar-Tracks.jpg
519,Puma,C:\cours_b3\mspr-ia\WildLens_MSPR\Mammiferes\Puma\Mountain-Lion-Tracks-(1).jpg
520,Puma,C:\cours_b3\mspr-ia\WildLens_MSPR\Mammiferes\Puma\Mountain-Lion-Tracks.jpg
521,Puma,C:\cours_b3\mspr-ia\WildLens_MSPR\Mammiferes\Puma\original (1).jpg
522,Puma,C:\cours_b3\mspr-ia\WildLens_MSPR\Mammiferes\Puma\original (10).jpg
523,Puma,C:\cours_b3\mspr-ia\WildLens_MSPR\Mammiferes\Puma\original (11).jpg
524,Puma,C:\cours_b3\mspr-ia\WildLens_MSPR\Mammiferes\Puma\original (12).jpg
525,Puma,C:\cours_b3\mspr-ia\WildLens_MSPR\Mammiferes\Puma\original (13).jpg
526,Puma,C:\cours_b3\mspr-ia\WildLens_MSPR\Mammiferes\Puma\original (2).jpg
527,Puma,C:\cours_b3\mspr-ia\WildLens_MSPR\Mammiferes\Puma\original (3).jpg
528,Puma,C:\cours_b3\mspr-ia\WildLens_MSPR\Mammiferes\Puma\original (4).jpg
529,Puma,C:\cours_b3\mspr-ia\WildLens_MSPR\Mammiferes\Puma\original (5).jpg
530,Puma,C:\cours_b3\mspr-ia\WildLens_MSPR\Mammiferes\Puma\original (6).jpg
531,Puma,C:\cours_b3\mspr-ia\WildLens_MSPR\Mammiferes\Puma\original (7).jpg
532,Puma,C:\cours_b3\mspr-ia\WildLens_MSPR\Mammiferes\Puma\original (8).jpg
533,Puma,C:\cours_b3\mspr-ia\WildLens_MSPR\Mammiferes\Puma\original (9).jpg
534,Puma,C:\cours_b3\mspr-ia\WildLens_MSPR\Mammiferes\Puma\original.jpg
535,Puma,C:\cours_b3\mspr-ia\WildLens_MSPR\Mammiferes\Puma\th (10).jpg
536,Puma,C:\cours_b3\mspr-ia\WildLens_MSPR\Mammiferes\Puma\th (11).jpg
537,Puma,C:\cours_b3\mspr-ia\WildLens_MSPR\Mammiferes\Puma\th (12).jpg
538,Puma,C:\cours_b3\mspr-ia\WildLens_MSPR\Mammiferes\Puma\th (13).jpg
539,Puma,C:\cours_b3\mspr-ia\WildLens_MSPR\Mammiferes\Puma\th (15).jpg
540,Puma,C:\cours_b3\mspr-ia\WildLens_MSPR\Mammiferes\Puma\th (16).jpg
541,Puma,C:\cours_b3\mspr-ia\WildLens_MSPR\Mammiferes\Puma\th (17).jpg
542,Puma,C:\cours_b3\mspr-ia\WildLens_MSPR\Mammiferes\Puma\th (18).jpg
543,Puma,C:\cours_b3\mspr-ia\WildLens_MSPR\Mammiferes\Puma\th (19).jpg
544,Puma,C:\cours_b3\mspr-ia\WildLens_MSPR\Mammiferes\Puma\th (20).jpg
545,Puma,C:\cours_b3\mspr-ia\WildLens_MSPR\Mammiferes\Puma\th (21).jpg
546,Puma,C:\cours_b3\mspr-ia\WildLens_MSPR\Mammiferes\Puma\th (22).jpg
547,Puma,C:\cours_b3\mspr-ia\WildLens_MSPR\Mammiferes\Puma\th (23).jpg
548,Puma,C:\cours_b3\mspr-ia\WildLens_MSPR\Mammiferes\Puma\th (24).jpg
549,Puma,C:\cours_b3\mspr-ia\WildLens_MSPR\Mammiferes\Puma\th (7).jpg
550,Puma,C:\cours_b3\mspr-ia\WildLens_MSPR\Mammiferes\Puma\th (8).jpg
551,Puma,C:\cours_b3\mspr-ia\WildLens_MSPR\Mammiferes\Puma\th (9).jpg
552,Rat,C:\cours_b3\mspr-ia\WildLens_MSPR\Mammiferes\Rat\Hispid-Cotton-Rat-Tracks-(1).jpg
553,Rat,C:\cours_b3\mspr-ia\WildLens_MSPR\Mammiferes\Rat\Hispid-Cotton-Rat-Tracks-1.jpg
554,Rat,C:\cours_b3\mspr-ia\WildLens_MSPR\Mammiferes\Rat\Hispid-Cotton-Rat-Tracks-4.jpg
555,Rat,C:\cours_b3\mspr-ia\WildLens_MSPR\Mammiferes\Rat\Hispid-Cotton-Rat-Tracks.jpg
556,Rat,C:\cours_b3\mspr-ia\WildLens_MSPR\Mammiferes\Rat\Kangaroo-Rat-Tracks-(2).jpg
557,Rat,C:\cours_b3\mspr-ia\WildLens_MSPR\Mammiferes\Rat\Muskrat-Tracks-1.jpg
558,Rat,C:\cours_b3\mspr-ia\WildLens_MSPR\Mammiferes\Rat\Muskrat-Tracks-2.jpg
559,Rat,C:\cours_b3\mspr-ia\WildLens_MSPR\Mammiferes\Rat\Muskrat-Tracks-8.jpg
560,Rat,C:\cours_b3\mspr-ia\WildLens_MSPR\Mammiferes\Rat\Rat-Tracks-1.jpg
561,Rat,C:\cours_b3\mspr-ia\WildLens_MSPR\Mammiferes\Rat\th (11).jpg
562,Rat,C:\cours_b3\mspr-ia\WildLens_MSPR\Mammiferes\Rat\th (15).jpg
563,Rat,C:\cours_b3\mspr-ia\WildLens_MSPR\Mammiferes\Rat\th (16).jpg
564,Rat,C:\cours_b3\mspr-ia\WildLens_MSPR\Mammiferes\Rat\th (17).jpg
565,Rat,C:\cours_b3\mspr-ia\WildLens_MSPR\Mammiferes\Rat\th (18).jpg
566,Rat,C:\cours_b3\mspr-ia\WildLens_MSPR\Mammiferes\Rat\th (19).jpg
567,Rat,C:\cours_b3\mspr-ia\WildLens_MSPR\Mammiferes\Rat\th (22).jpg
568,Rat,C:\cours_b3\mspr-ia\WildLens_MSPR\Mammiferes\Rat\th (24).jpg
569,Rat,C:\cours_b3\mspr-ia\WildLens_MSPR\Mammiferes\Rat\th (25).jpg
570,Rat,C:\cours_b3\mspr-ia\WildLens_MSPR\Mammiferes\Rat\th (26).jpg
571,Rat,C:\cours_b3\mspr-ia\WildLens_MSPR\Mammiferes\Rat\th (27).jpg
572,Rat,C:\cours_b3\mspr-ia\WildLens_MSPR\Mammiferes\Rat\th (28).jpg
573,Rat,C:\cours_b3\mspr-ia\WildLens_MSPR\Mammiferes\Rat\th (30).jpg
574,Rat,C:\cours_b3\mspr-ia\WildLens_MSPR\Mammiferes\Rat\th (31).jpg
575,Rat,C:\cours_b3\mspr-ia\WildLens_MSPR\Mammiferes\Rat\th (34).jpg
576,Rat,C:\cours_b3\mspr-ia\WildLens_MSPR\Mammiferes\Rat\th (35).jpg
577,Rat,C:\cours_b3\mspr-ia\WildLens_MSPR\Mammiferes\Rat\th (36).jpg
578,Rat,C:\cours_b3\mspr-ia\WildLens_MSPR\Mammiferes\Rat\th (37).jpg
579,Rat,C:\cours_b3\mspr-ia\WildLens_MSPR\Mammiferes\Rat\th (39).jpg
580,Rat,C:\cours_b3\mspr-ia\WildLens_MSPR\Mammiferes\Rat\th (40).jpg
581,Rat,C:\cours_b3\mspr-ia\WildLens_MSPR\Mammiferes\Rat\th (42).jpg
582,Rat,C:\cours_b3\mspr-ia\WildLens_MSPR\Mammiferes\Rat\th (44).jpg
583,Rat,C:\cours_b3\mspr-ia\WildLens_MSPR\Mammiferes\Rat\th (46).jpg
584,Rat,C:\cours_b3\mspr-ia\WildLens_MSPR\Mammiferes\Rat\th (49).jpg
585,Rat,C:\cours_b3\mspr-ia\WildLens_MSPR\Mammiferes\Rat\th (50).jpg
586,Rat,C:\cours_b3\mspr-ia\WildLens_MSPR\Mammiferes\Rat\th (51).jpg
587,Rat,C:\cours_b3\mspr-ia\WildLens_MSPR\Mammiferes\Rat\th (52).jpg
588,Rat,C:\cours_b3\mspr-ia\WildLens_MSPR\Mammiferes\Rat\th (6).jpg
589,Rat,C:\cours_b3\mspr-ia\WildLens_MSPR\Mammiferes\Rat\th (7).jpg
590,Rat,C:\cours_b3\mspr-ia\WildLens_MSPR\Mammiferes\Rat\th (9).jpg
591,Raton laveur,C:\cours_b3\mspr-ia\WildLens_MSPR\Mammiferes\Raton laveur\2f4jp7w.jpg
592,Raton laveur,C:\cours_b3\mspr-ia\WildLens_MSPR\Mammiferes\Raton laveur\2f7xg6r.jpg
593,Raton laveur,C:\cours_b3\mspr-ia\WildLens_MSPR\Mammiferes\Raton laveur\2f7xgcf.jpg
594,Raton laveur,C:\cours_b3\mspr-ia\WildLens_MSPR\Mammiferes\Raton laveur\2mx8ky0.jpg
595,Raton laveur,C:\cours_b3\mspr-ia\WildLens_MSPR\Mammiferes\Raton laveur\2pe9r7y.jpg
596,Raton laveur,C:\cours_b3\mspr-ia\WildLens_MSPR\Mammiferes\Raton laveur\2pgatg3.jpg
597,Raton laveur,C:\cours_b3\mspr-ia\WildLens_MSPR\Mammiferes\Raton laveur\2wehy10.jpg
598,Raton laveur,C:\cours_b3\mspr-ia\WildLens_MSPR\Mammiferes\Raton laveur\b1cf6e.jpg
599,Raton laveur,C:\cours_b3\mspr-ia\WildLens_MSPR\Mammiferes\Raton laveur\ceda12.jpg
600,Raton laveur,C:\cours_b3\mspr-ia\WildLens_MSPR\Mammiferes\Raton laveur\cntjwb.jpg
601,Raton laveur,C:\cours_b3\mspr-ia\WildLens_MSPR\Mammiferes\Raton laveur\Cow-Sign-3.jpg
602,Raton laveur,C:\cours_b3\mspr-ia\WildLens_MSPR\Mammiferes\Raton laveur\d90n65.jpg
603,Raton laveur,C:\cours_b3\mspr-ia\WildLens_MSPR\Mammiferes\Raton laveur\da27n6.jpg
604,Raton laveur,C:\cours_b3\mspr-ia\WildLens_MSPR\Mammiferes\Raton laveur\dy4agr.jpg
605,Raton laveur,C:\cours_b3\mspr-ia\WildLens_MSPR\Mammiferes\Raton laveur\e70e4m.jpg
606,Raton laveur,C:\cours_b3\mspr-ia\WildLens_MSPR\Mammiferes\Raton laveur\efp0ea.jpg
607,Raton laveur,C:\cours_b3\mspr-ia\WildLens_MSPR\Mammiferes\Raton laveur\f0pr4r.jpg
608,Raton laveur,C:\cours_b3\mspr-ia\WildLens_MSPR\Mammiferes\Raton laveur\f0pren.jpg
609,Raton laveur,C:\cours_b3\mspr-ia\WildLens_MSPR\Mammiferes\Raton laveur\f2hjkf.jpg
610,Raton laveur,C:\cours_b3\mspr-ia\WildLens_MSPR\Mammiferes\Raton laveur\f7jp56.jpg
611,Raton laveur,C:\cours_b3\mspr-ia\WildLens_MSPR\Mammiferes\Raton laveur\f7jr2j.jpg
612,Raton laveur,C:\cours_b3\mspr-ia\WildLens_MSPR\Mammiferes\Raton laveur\fy6myh.jpg
613,Raton laveur,C:\cours_b3\mspr-ia\WildLens_MSPR\Mammiferes\Raton laveur\hmkj4n.jpg
614,Raton laveur,C:\cours_b3\mspr-ia\WildLens_MSPR\Mammiferes\Raton laveur\hmkj4p.jpg
615,Raton laveur,C:\cours_b3\mspr-ia\WildLens_MSPR\Mammiferes\Raton laveur\m409xd.jpg
616,Raton laveur,C:\cours_b3\mspr-ia\WildLens_MSPR\Mammiferes\Raton laveur\mawbmj.jpg
617,Raton laveur,C:\cours_b3\mspr-ia\WildLens_MSPR\Mammiferes\Raton laveur\mkx229.jpg
618,Raton laveur,C:\cours_b3\mspr-ia\WildLens_MSPR\Mammiferes\Raton laveur\original (1).jpg
619,Raton laveur,C:\cours_b3\mspr-ia\WildLens_MSPR\Mammiferes\Raton laveur\original (14).jpg
620,Raton laveur,C:\cours_b3\mspr-ia\WildLens_MSPR\Mammiferes\Raton laveur\original (2).jpg
621,Raton laveur,C:\cours_b3\mspr-ia\WildLens_MSPR\Mammiferes\Raton laveur\original (3).jpg
622,Raton laveur,C:\cours_b3\mspr-ia\WildLens_MSPR\Mammiferes\Raton laveur\original (4).jpg
623,Raton laveur,C:\cours_b3\mspr-ia\WildLens_MSPR\Mammiferes\Raton laveur\original (5).jpg
624,Raton laveur,C:\cours_b3\mspr-ia\WildLens_MSPR\Mammiferes\Raton laveur\original (6).jpg
625,Raton laveur,C:\cours_b3\mspr-ia\WildLens_MSPR\Mammiferes\Raton laveur\original (7).jpg
626,Raton laveur,C:\cours_b3\mspr-ia\WildLens_MSPR\Mammiferes\Raton laveur\original.jpg
627,Raton laveur,C:\cours_b3\mspr-ia\WildLens_MSPR\Mammiferes\Raton laveur\Raccoon-Left-Hind-Track.jpg
628,Raton laveur,C:\cours_b3\mspr-ia\WildLens_MSPR\Mammiferes\Raton laveur\Raccoon-Tracks-(1).jpg
629,Raton laveur,C:\cours_b3\mspr-ia\WildLens_MSPR\Mammiferes\Raton laveur\Raccoon-Tracks-1.jpg
630,Raton laveur,C:\cours_b3\mspr-ia\WildLens_MSPR\Mammiferes\Raton laveur\Raccoon-Tracks-2.jpg
631,Raton laveur,C:\cours_b3\mspr-ia\WildLens_MSPR\Mammiferes\Raton laveur\Raccoon-Tracks-3.jpg
632,Raton laveur,C:\cours_b3\mspr-ia\WildLens_MSPR\Mammiferes\Raton laveur\Raccoon-Tracks-4.jpg
633,Raton laveur,C:\cours_b3\mspr-ia\WildLens_MSPR\Mammiferes\Raton laveur\Raccoon-Tracks-5.jpg
634,Raton laveur,C:\cours_b3\mspr-ia\WildLens_MSPR\Mammiferes\Raton laveur\Raccoon-Tracks-8.jpg
635,Raton laveur,C:\cours_b3\mspr-ia\WildLens_MSPR\Mammiferes\Raton laveur\rf5ny4.jpg
636,Raton laveur,C:\cours_b3\mspr-ia\WildLens_MSPR\Mammiferes\Raton laveur\rjj1b1.jpg
637,Raton laveur,C:\cours_b3\mspr-ia\WildLens_MSPR\Mammiferes\Raton laveur\rjj1bb.jpg
638,Raton laveur,C:\cours_b3\mspr-ia\WildLens_MSPR\Mammiferes\Raton laveur\rjkpkc.jpg
639,Raton laveur,C:\cours_b3\mspr-ia\WildLens_MSPR\Mammiferes\Raton laveur\s0323b.jpg
640,Raton laveur,C:\cours_b3\mspr-ia\WildLens_MSPR\Mammiferes\Raton laveur\s0720w.jpg
641,Raton laveur,C:\cours_b3\mspr-ia\WildLens_MSPR\Mammiferes\Raton laveur\s1a5d3.jpg
642,Raton laveur,C:\cours_b3\mspr-ia\WildLens_MSPR\Mammiferes\Raton laveur\s2n66r.jpg
643,Renard,C:\cours_b3\mspr-ia\WildLens_MSPR\Mammiferes\Renard\2f5twf3.jpg
644,Renard,C:\cours_b3\mspr-ia\WildLens_MSPR\Mammiferes\Renard\2f5twf9.jpg
645,Renard,C:\cours_b3\mspr-ia\WildLens_MSPR\Mammiferes\Renard\2f5twfb.jpg
646,Renard,C:\cours_b3\mspr-ia\WildLens_MSPR\Mammiferes\Renard\b82br2.jpg
647,Renard,C:\cours_b3\mspr-ia\WildLens_MSPR\Mammiferes\Renard\b88y27.jpg
648,Renard,C:\cours_b3\mspr-ia\WildLens_MSPR\Mammiferes\Renard\bgdwhf.jpg
649,Renard,C:\cours_b3\mspr-ia\WildLens_MSPR\Mammiferes\Renard\bwxf6a.jpg
650,Renard,C:\cours_b3\mspr-ia\WildLens_MSPR\Mammiferes\Renard\cf280t.jpg
651,Renard,C:\cours_b3\mspr-ia\WildLens_MSPR\Mammiferes\Renard\cnxh49.jpg
652,Renard,C:\cours_b3\mspr-ia\WildLens_MSPR\Mammiferes\Renard\cnxh4a.jpg
653,Renard,C:\cours_b3\mspr-ia\WildLens_MSPR\Mammiferes\Renard\cnxh4j.jpg
654,Renard,C:\cours_b3\mspr-ia\WildLens_MSPR\Mammiferes\Renard\dn35tc.jpg
655,Renard,C:\cours_b3\mspr-ia\WildLens_MSPR\Mammiferes\Renard\ejjw41.jpg
656,Renard,C:\cours_b3\mspr-ia\WildLens_MSPR\Mammiferes\Renard\ejjw4b.jpg
657,Renard,C:\cours_b3\mspr-ia\WildLens_MSPR\Mammiferes\Renard\f2nw8c.jpg
658,Renard,C:\cours_b3\mspr-ia\WildLens_MSPR\Mammiferes\Renard\Gray-Fox-Track.jpg
659,Renard,C:\cours_b3\mspr-ia\WildLens_MSPR\Mammiferes\Renard\Gray-Fox-Tracks-(3).jpg
660,Renard,C:\cours_b3\mspr-ia\WildLens_MSPR\Mammiferes\Renard\Gray-Fox-Tracks-1.jpg
661,Renard,C:\cours_b3\mspr-ia\WildLens_MSPR\Mammiferes\Renard\Gray-Fox-Tracks-2.jpg
662,Renard,C:\cours_b3\mspr-ia\WildLens_MSPR\Mammiferes\Renard\Gray-Fox-Tracks-4.jpg
663,Renard,C:\cours_b3\mspr-ia\WildLens_MSPR\Mammiferes\Renard\Gray-Fox-Tracks-8.jpg
664,Renard,C:\cours_b3\mspr-ia\WildLens_MSPR\Mammiferes\Renard\Gray-Fox-Tracks.jpg
665,Renard,C:\cours_b3\mspr-ia\WildLens_MSPR\Mammiferes\Renard\Red-Fox-Tracks-(1).jpg
666,Renard,C:\cours_b3\mspr-ia\WildLens_MSPR\Mammiferes\Renard\Red-Fox-Tracks-(5).jpg
667,Renard,C:\cours_b3\mspr-ia\WildLens_MSPR\Mammiferes\Renard\Red-Fox-Tracks-11.jpg
668,Renard,C:\cours_b3\mspr-ia\WildLens_MSPR\Mammiferes\Renard\Red-Fox-Tracks-3.jpg
669,Renard,C:\cours_b3\mspr-ia\WildLens_MSPR\Mammiferes\Renard\Red-Fox-Tracks.jpg
670,Renard,C:\cours_b3\mspr-ia\WildLens_MSPR\Mammiferes\Renard\th (10).jpg
671,Renard,C:\cours_b3\mspr-ia\WildLens_MSPR\Mammiferes\Renard\th (11).jpg
672,Renard,C:\cours_b3\mspr-ia\WildLens_MSPR\Mammiferes\Renard\th (12).jpg
673,Renard,C:\cours_b3\mspr-ia\WildLens_MSPR\Mammiferes\Renard\th (13).jpg
674,Renard,C:\cours_b3\mspr-ia\WildLens_MSPR\Mammiferes\Renard\th (15).jpg
675,Renard,C:\cours_b3\mspr-ia\WildLens_MSPR\Mammiferes\Renard\th (16).jpg
676,Renard,C:\cours_b3\mspr-ia\WildLens_MSPR\Mammiferes\Renard\th (17).jpg
677,Renard,C:\cours_b3\mspr-ia\WildLens_MSPR\Mammiferes\Renard\th (18).jpg
678,Renard,C:\cours_b3\mspr-ia\WildLens_MSPR\Mammiferes\Renard\th (19).jpg
679,Renard,C:\cours_b3\mspr-ia\WildLens_MSPR\Mammiferes\Renard\th (6).jpg
680,Renard,C:\cours_b3\mspr-ia\WildLens_MSPR\Mammiferes\Renard\th (7).jpg
681,Renard,C:\cours_b3\mspr-ia\WildLens_MSPR\Mammiferes\Renard\th (8).jpg
682,Renard,C:\cours_b3\mspr-ia\WildLens_MSPR\Mammiferes\Renard\th (9).jpg
683,Renard,C:\cours_b3\mspr-ia\WildLens_MSPR\Mammiferes\Renard\wce5xh.jpg
